[
{
	"request": {
		"uri": "[a-z0-9:\\/\\.]{1,46}routers/[a-zA-Z0-9\\-\\_]{1,36}/add_router_interface",
		"method": "put",
		"headers": {
			"X-Auth-Token": "junk"
		},
		"json": {
			"subnet_id": "4bb48d3c-f53f-46b5-a3da-c7c70d4cd726"
		}
	},
	"response": {
		"status": "200",
		"json": {
			"network_id": "da6f6681-3beb-4249-86bd-3a95690cc28f",
			"tenant_id": "00e55b6d14cd49709b71ffa83e5ee37f",
			"subnet_id": "4bb48d3c-f53f-46b5-a3da-c7c70d4cd726",
			"subnet_ids": [
				"4bb48d3c-f53f-46b5-a3da-c7c70d4cd726"
			],
			"port_id": "3cd7cea4-5b4f-4aa1-9ee0-322c2d43d780",
			"id": "6fc00cf5-ff29-4f45-a8a6-f03d73674490"
		}
	}
},
{
	"request": {
		"uri": "[a-z0-9:\\/\\.]{1,46}vpn/ikepolicies",
		"method": "post",
		"headers": {
			"Content-Type": "application/json;charset=UTF-8"
		},
		"json": {
			"ikepolicy": {
				"phase1_negotiation_mode": "main",
				"auth_algorithm": "sha1",
				"encryption_algorithm": "aes-128",
				"pfs": "group5",
				"lifetime": {
					"units": "seconds",
					"value": 7200
				},
				"ike_version": "v1",
				"name": "ikepolicy1"
			}
		}
	},
	"response": {
		"status": 200,
		"headers": {
			"Content-Type": "application/json",
			"X-Subject-Token": "TestToken"
		},
		"json": {
			"ikepolicy": {
				"id": "IkePolicyId",
				"name": "IkePolicy",
				"description": "Ike Policy",
				"pfs": "group5",
				"lifetime": {
					"units": "seconds",
					"value": 7200
				},
				"tenant_id": "tenantId1",
				"auth_algorithm": "sha1",
				"encryption_algorithm": "aes-128",
				"phase1_negotiation_mode": "main",
				"ike_version": "v1"
			}
		}
	}
}
,
{
	"request": {
		"uri": "[a-z0-9:\\/\\.]{1,46}vpn/ipsec-site-connections",
		"method": "post",
		"headers": {
			"Content-Type": "application/json;charset=UTF-8"
		},
		"json": {
			"ipsec_site_connection": {
				"psk": "secret",
				"initiator": "bi-directional",
				"ipsecpolicy_id": "22b8abdc-e822-45b3-90dd-f2c8512acfa5",
				"admin_state_up": true,
				"peer_cidrs": [
					"10.2.0.0/24"
				],
				"mtu": "1500",
				"ikepolicy_id": "d3f373dc-0708-4224-b6f8-676adf27dab8",
				"dpd": {
					"action": "disabled",
					"interval": 60,
					"timeout": 240
				},
				"vpnservice_id": "7b347d20-6fa3-4e22-b744-c49ee235ae4f",
				"peer_address": "172.24.4.233",
				"peer_id": "172.24.4.233",
				"name": "vpnconnection1"
			}
		}
	},
	"response": {
		"status": 200,
		"headers": {
			"Content-Type": "application/json",
			"X-Subject-Token": "TestToken"
		},
		"json": {
			"ipsec_site_connection": {
				"id": "IpSecSiteConnectionId",
				"name": null,
				"description": null,
				"mtu": 1500,
				"psk": "psk",
				"initiator": "bi-directional",
				"status": "PENDING_CREATE",
				"dpd": {
					"action": "hold",
					"interval": 30,
					"timeout": 120
				},
				"subnets": null,
				"tenant_id": "tenantId1",
				"peer_address": "2.2.2.2",
				"peer_id": "2.2.2.2",
				"peer_cidrs": [
					"3.3.3.3",
					"4.4.4.4"
				],
				"route_mode": "static",
				"auth_mode": "psk",
				"admin_state_up": true,
				"ikepolicy_id": null,
				"ipsecpolicy_id": null,
				"vpnservice_id": null
			}
		}
	}
},
{
	"request": {
		"uri": "[a-z0-9:\\/\\.]{1,46}vpn/ipsecpolicies",
		"method": "post",
		"headers": {
			"Content-Type": "application/json;charset=UTF-8"
		},
		"json": {
			"ipsecpolicy": {
				"name": "ipsecpolicy1",
				"transform_protocol": "esp",
				"auth_algorithm": "sha1",
				"encapsulation_mode": "tunnel",
				"encryption_algorithm": "aes-128",
				"pfs": "group5",
				"lifetime": {
					"units": "seconds",
					"value": 7200
				}
			}
		}
	},
	"response": {
		"status": 200,
		"headers": {
			"Content-Type": "application/json",
			"X-Subject-Token": "TestToken"
		},
		"json": {
			"ipsecpolicy": {
				"id": "IpsecpolicyId",
				"name": "IpSecPolicy",
				"description": "IpSecPolicy",
				"pfs": "Group5",
				"lifetime": {
					"units": "seconds",
					"value": 7200
				},
				"tenant_id": "tenantId1",
				"transform_protocol": "ESP",
				"Encapsulation_mode": "tunnel",
				"auth_algorithm": "sha1",
				"encryption_algorithm": "aes-128"
			}
		}
	}
}
,
{
	"request": {
		"uri": "[a-z0-9:\\/\\.]{1,46}networks",
		"method": "post",
		"headers": {
			"X-Auth-Token": "junk"
		},
		"json": {
			"network": {
				"name": "sdno_6fc00cf5-ff29-4f45-a8a6-f03d73674412",
				"admin_state_up": true,
				"tenant_id": "00e55b6d14cd49709b71ffa83e5ee37f"
			}
		}
	},
	"response": {
		"status": "201",
		"json": {
			"network": {
				"status": "ACTIVE",
				"router:external": false,
				"availability_zone_hints": [],
				"availability_zones": [],
				"description": "",
				"provider:physical_network": null,
				"subnets": [],
				"shared": false,
				"name": "sdno_6fc00cf5-ff29-4f45-a8a6-f03d73674412",
				"created_at": "2016-08-08T07:42:20",
				"tags": [],
				"updated_at": "2016-08-08T07:42:20",
				"provider:network_type": "vxlan",
				"ipv6_address_scope": null,
				"tenant_id": "00e55b6d14cd49709b71ffa83e5ee37f",
				"admin_state_up": true,
				"ipv4_address_scope": null,
				"port_security_enabled": true,
				"mtu": 1450,
				"id": "da6f6681-3beb-4249-86bd-3a95690cc28f",
				"provider:segmentation_id": 1019
			}
		}
	}
},
{
	"request": {
		"uri": "[a-z0-9:\\/\\.]{1,46}projects",
		"method": "post",
		"headers": {
			"X-Auth-Token": "junk"
		},
		"json": {
			"project": {
				"name": "project4",
				"enabled": true,
				"domain_id": "default"
			}
		}
	},
	"response": {
		"status": "201",
		"json": {
			"project": {
				"is_domain": false,
				"description": "",
				"links": {
					"self": "http://localhost:5000/v3/projects/00e55b6d14cd49709b71ffa83e5ee37f"
				},
				"enabled": true,
				"id": "ProjectId",
				"parent_id": "default",
				"domain_id": "default",
				"name": "project4"
			}
		}
	}
},
{
	"request": {
		"uri": "[a-z0-9:\\/\\.]{1,46}routers",
		"method": "post",
		"headers": {
			"X-Auth-Token": "junk"
		},
		"json": {
			"router": {
				"external_gateway_info": {
					"network_id": "9930665a-374b-4669-a2d0-20f7e040a1d3",
					"enable_snat": false
				},
				"availability_zone_hints": [],
				"availability_zones": [
					"nova"
				],
				"description": "",
				"admin_state_up": true,
				"tenant_id": "00e55b6d14cd49709b71ffa83e5ee37f",
				"distributed": false,
				"routes": [],
				"ha": false,
				"name": "sdno_9b00d6b0-6c93-4ca5-9747-b8ade7bb514fs"
			}
		}
	},
	"response": {
		"status": "200",
		"json": {
			"router": {
				"status": "ACTIVE",
				"external_gateway_info": {
					"network_id": "9930665a-374b-4669-a2d0-20f7e040a1d3",
					"enable_snat": false,
					"external_fixed_ips": [
						{
							"subnet_id": "638c266e-3f08-4d81-9ae9-20da25878739",
							"ip_address": "172.24.4.3/24"
						}
					]
				},
				"availability_zone_hints": [],
				"availability_zones": [
					"nova"
				],
				"description": "",
				"admin_state_up": true,
				"tenant_id": "00e55b6d14cd49709b71ffa83e5ee37f",
				"distributed": false,
				"routes": [],
				"ha": false,
				"id": "RouterId",
				"name": "sdno_9b00d6b0-6c93-4ca5-9747-b8ade7bb514fs"
			}
		}
	}
},
{
	"request": {
		"uri": "[a-z0-9:\\/\\.]{1,46}subnets",
		"method": "post",
		"headers": {
			"X-Auth-Token": "junk"
		},
		"json": {
			"subnet": {
				"name": "sdno_6fc00cf5-ff29-4f45-a8a6-f03d73674412",
				"cidr": "10.11.0.0/24",
				"network_id": "da6f6681-3beb-4249-86bd-3a95690cc28f",
				"tenant_id": "00e55b6d14cd49709b71ffa83e5ee37f",
				"ip_version": "4"
			}
		}
	},
	"response": {
		"status": "201",
		"json": {
			"subnet": {
				"description": "",
				"enable_dhcp": true,
				"network_id": "PublicNetworkId",
				"tenant_id": "00e55b6d14cd49709b71ffa83e5ee37f",
				"created_at": "2016-08-08T07:42:20",
				"dns_nameservers": [],
				"updated_at": "2016-08-08T07:42:20",
				"gateway_ip": "10.11.0.1",
				"ipv6_ra_mode": null,
				"allocation_pools": [
					{
						"start": "10.11.0.2",
						"end": "10.11.0.254"
					}
				],
				"host_routes": [],
				"ip_version": 4,
				"ipv6_address_mode": null,
				"cidr": "10.11.0.0/24",
				"id": "SubNetId",
				"subnetpool_id": null,
				"name": "sdno_6fc00cf5-ff29-4f45-a8a6-f03d73674412"
			}
		}
	}
},
{
	"request": {
		"uri": "[a-z0-9:\\/\\.]{1,46}vpn/vpnservices",
		"method": "post",
		"headers": {
			"Content-Type": "application/json;charset=UTF-8"
		},
		"json": {
			"vpnservice": {
				"subnet_id": "f4fb4528-ed93-467c-a57b-11c7ea9f963e",
				"router_id": "ec8619be-0ba8-4955-8835-3b49ddb76f89",
				"name": "myservice",
				"admin_state_up": true
			}
		}
	},
	"response": {
		"status": 200,
		"headers": {
			"Content-Type": "application/json",
			"X-Subject-Token": "TestToken"
		},
		"json": {
			"vpnservice": {
				"id": "VpnServiceId",
				"name": "Vpn Service",
				"description": "Vpn Service",
				"status": "PENDING_CREATE",
				"tenant_id": "tenantId1",
				"subnet_id": "subnetId1",
				"router_id": "routeId1",
				"admin_state_up": true
			}
		}
	}
},
{
	"request": {
		"uri": "[a-z0-9:\\/\\.]{1,46}vpn/ikepolicies/[a-zA-Z0-9\\-\\_]{1,36}",
		"method": "delete",
		"headers": {
			"Content-Type": "application/json;charset=UTF-8"
		}
	},
	"response": {
		"status": 200,
		"headers": {
			"Content-Type": "application/json",
			"X-Subject-Token": "abcdefghigklmnopqrstuvwxyz"
		},
		"json": null
	}
},
{
	"request": {
		"uri": "[a-z0-9:\\/\\.]{1,46}vpn/ipsec-site-connections/[a-zA-Z0-9\\-\\_]{1,36}",
		"method": "delete",
		"headers": {
			"Content-Type": "application/json;charset=UTF-8"
		}
	},
	"response": {
		"status": 200,
		"headers": {
			"Content-Type": "application/json",
			"X-Subject-Token": "abcdefghigklmnopqrstuvwxyz"
		},
		"json": null
	}
},
{
	"request": {
		"uri": "[a-z0-9:\\/\\.]{1,46}vpn/ipsecpolicies/[a-zA-Z0-9\\-\\_]{1,36}",
		"method": "delete",
		"headers": {
			"Content-Type": "application/json;charset=UTF-8"
		}
	},
	"response": {
		"status": 200,
		"headers": {
			"Content-Type": "application/json",
			"X-Subject-Token": "abcdefghigklmnopqrstuvwxyz"
		},
		"json": null
	}
},
{
	"request": {
		"uri": "[a-z0-9:\\/\\.]{1,46}networks/[a-zA-Z0-9\\-\\_]{1,36}",
		"method": "delete",
		"headers": {
			"X-Auth-Token": "junk"
		},
		"json": null
	},
	"response": {
		"status": 200,
		"headers": {
			"Content-Type": "application/json",
			"X-Subject-Token": "abcdefghigklmnopqrstuvwxyz"
		},
		"json": null
	}
},
{
  "request" : {
    "uri" : "[a-z0-9:\\/\\.]{1,46}projects/[a-zA-Z0-9\\-\\_]{1,36}",
    "method" : "delete",
    "headers" : {
        "X-Auth-Token": "junk"
    },
    "json" : null
  },
  "response" : {
    "status": 200,
		"headers": {
			"Content-Type": "application/json",
			"X-Subject-Token": "abcdefghigklmnopqrstuvwxyz"
		},
		"json": null
  }
},
{
  "request" : {
    "uri" : "[a-z0-9:\\/\\.]{1,46}routers/[a-zA-Z0-9\\-\\_]{1,36}",
    "method" : "delete",
    "headers" : {
        "X-Auth-Token": "junk"
    },
    "json" : null
  },
  "response" : {
    "status": 200,
		"headers": {
			"Content-Type": "application/json",
			"X-Subject-Token": "abcdefghigklmnopqrstuvwxyz"
		},
		"json": null
  }
},
{
  "request" : {
    "uri" : "[a-z0-9:\\/\\.]{1,46}subnets/[a-zA-Z0-9\\-\\_]{1,36}",
    "method" : "delete",
    "headers" : {
        "X-Auth-Token": "junk"
    },
    "json" : null
  },
  "response" : {
    "status": 200,
		"headers": {
			"Content-Type": "application/json",
			"X-Subject-Token": "abcdefghigklmnopqrstuvwxyz"
		},
		"json": null
  }
},
{
	"request": {
		"uri": "[a-z0-9:\\/\\.]{1,46}vpn/vpnservices/[a-zA-Z0-9\\-\\_]{1,36}",
		"method": "delete",
		"headers": {
			"Content-Type": "application/json;charset=UTF-8"
		}
	},
	"response": {
		"status": 200,
		"headers": {
			"Content-Type": "application/json",
			"X-Subject-Token": "abcdefghigklmnopqrstuvwxyz"
		},
		"json": null
	}
},
{
  "request" : {
    "uri" : "[a-z0-9:\\/\\.]{1,46}routers/[a-zA-Z0-9\\-\\_]{1,36}/remove_router_interface",
    "method" : "put",
    "headers" : {
        "X-Auth-Token": "junk"
    },
    "json" : {"subnet_id":"4bb48d3c-f53f-46b5-a3da-c7c70d4cd726"}
  },
  "response" : {
    "status" : "200",
    "json" : {"network_id": "da6f6681-3beb-4249-86bd-3a95690cc28f", "tenant_id": "00e55b6d14cd49709b71ffa83e5ee37f", "subnet_id": "4bb48d3c-f53f-46b5-a3da-c7c70d4cd726", "subnet_ids": ["4bb48d3c-f53f-46b5-a3da-c7c70d4cd726"], "port_id": "3cd7cea4-5b4f-4aa1-9ee0-322c2d43d780", "id": "6fc00cf5-ff29-4f45-a8a6-f03d73674490"}
  }
},
{
	"request": {
		"uri": "/openoapi/extsys/v1/vims/[a-zA-Z0-9\\-\\_]{1,36}",
		"method": "get",
		"headers": {
			"Content-Type": "application/json;charset=UTF-8"
		}
	},
	"response": {
		"status": 200,
		"json": {
			"vimId": "57674786-5b2e-4c92-bb68-578dbd79e2f5",
			"name": "vim",
			"url": "https://127.0.0.1:12307/v2.0",
			"userName": "admin",
			"password": "admin",
			"tenant": "admin",
			"vendor": "ZTE",
			"version": "v1.0",
			"description": "",
			"domain": "",
			"type": "openstack",
			"createTime": "2016-07-18 12:22:53"
		}
	}
},
{
	"request": {
		"uri": "/openoapi/extsys/v1/vims",
		"method": "get",
		"headers": {
			"Content-Type": "application/json;charset=UTF-8"
		}
	},
	"response": {
		"status": 200,
		"json": [
			{
				"vimId": "57674786-5b2e-4c92-bb68-578dbd79e2f5",
				"name": "vim",
				"url": "https://127.0.0.1:12307/v2.0",
				"userName": "admin",
				"password": "admin",
				"tenant": "admin",
				"vendor": "ZTE",
				"version": "v1.0",
				"description": "",
				"domain": "",
				"type": "openstack",
				"createTime": "2016-07-18 12:22:53"
			}
		]
	}
},
{
	"request": {
		"uri": "/identity/v3/auth/tokens",
		"method": "post",
		"headers": {
			"Content-Type": "application/json;charset=UTF-8"
		},
		"json": [
			{
				"auth": {
					"identity": {
						"methods": [
							"password"
						],
						"password": {
							"user": {
								"name": "om_team",
								"password": "Test_12345",
								"domain": {
									"name": "om_team"
								}
							}
						}
					},
					"scope": {
						"project": {
							"name": "cn-north-1"
						}
					}
				}
			}
		]
	},
	"response": {
		"status": 200,
		"headers": {
			"Content-Type": "application/json",
			"X-Subject-Token": "junk"
		},
		"json": {
			"token": {
				"expires_at": "2016-07-01T11:27:19.376000Z",
				"issued_at": "2016-06-30T11:27:19.376000Z",
				"methods": [
					"password"
				],
				"project": {
					"name": "cn-north-1",
					"id": "c02a588bf96349caa4e59a770a486a39",
					"domain": {
						"name": "om_team",
						"id": "205c2c1bceba4b4180d391d450fa208f"
					}
				},
				"user": {
					"domain": {
						"name": "om_team",
						"id": "205c2c1bceba4b4180d391d450fa208f"
					},
					"id": "5e15db4504b045a6ba2314f7a5b733bc",
					"name": "om_team"
				},
				"catalog": [],
				"roles": [
					{
						"name": "te_admin",
						"id": "9c8558f2bf12426baaf92b6e4799d72c"
					},
					{
						"id": "0",
						"name": "op_restricted"
					}
				]
			}
		}
	}
},
{
	"request": {
		"uri": "[a-z0-9:\\/\\.]{1,46}networks",
		"method": "get",
		"headers": {
			"X-Auth-Token": "junk"
		},
		"json": null
	},
	"response": {
		"status": "200",
		"json": {
			"networks": [
				{
					"provider:physical_network": null,
					"ipv6_address_scope": null,
					"port_security_enabled": true,
					"mtu": 1450,
					"id": "PublicNetworkId",
					"router:external": true,
					"availability_zone_hints": [],
					"availability_zones": [
						"nova"
					],
					"ipv4_address_scope": null,
					"shared": false,
					"status": "ACTIVE",
					"subnets": [
						"638c266e-3f08-4d81-9ae9-20da25878739"
					],
					"description": "",
					"tags": [],
					"updated_at": "2016-08-01T08:17:00",
					"is_default": true,
					"provider:segmentation_id": 1038,
					"name": "public",
					"admin_state_up": true,
					"tenant_id": "00e55b6d14cd49709b71ffa83e5ee37f",
					"created_at": "2016-08-01T08:17:00",
					"provider:network_type": "vxlan"
				}
			]
		}
	}
},
{
	"request": {
		"uri": "[a-z0-9:\\/\\.]{1,46}projects",
		"method": "get",
		"headers": {
			"X-Auth-Token": "junk"
		},
		"json": null
	},
	"response": {
		"status": 200,
		"json": {
			"links": {
				"self": "http://localhost:5000/v3/projects?name=project4",
				"previous": null,
				"next": null
			},
			"projects": []
		}
	}
},
{
  "request" : {
    "uri" : "[a-z0-9:\\/\\.]{1,46}routers",
    "method" : "get",
    "headers" : {
        "X-Auth-Token": "junk"
    },
    "json" : null
  },
  "response" : {
    "status" : "200",
    "json" : {"routers": []}
  }
},
{
  "request" : {
    "uri" : "[a-z0-9:\\/\\.]{1,46}subnets",
    "method" : "get",
    "headers" : {
        "X-Auth-Token": "junk"
    },
    "json" : null
  },
  "response" : {
    "status" : "200",
    "json" : {"subnets": []}
  }
}
]