﻿{
	"modules":[
		{
			"cover":"org_openo_orchestrator_framework_main_page_service",
			"background":"skyBlue-mainpage",
			"toolsImage":"toolsImageBrokenLine",
			"url":"",
			"linkId":"openo-nsoc-template",
			"contentTip":""
		},
		{
			"cover":"org_openo_orchestrator_framework_main_page_cloud",
			"background":"golden-mainpage",
			"toolsImage":"toolsImageHierachy",
			"url":"",
			"linkId":"openo-roc-vim",
			"contentTip":""
		},
		{
			"cover":"",
			"background":"manLieONCloud-image",
			"toolsImage":"",
			"url":"",
			"contentTip":""
		},
		{
			"cover":"org_openo_orchestrator_framework_main_page_orchestrator",
			"background":"orange-mainpage",
			"toolsImage":"toolsImageGear",
			"url":"",
			"linkId":"openo-nsoc-vApp",
			"contentTip":""
		},
		{
			"cover":"org_openo_orchestrator_framework_main_page_monitor",
			"background":"pinkishRed-mainpage",
			"toolsImage":"toolsImagePresent",
			"url":"",
			"linkId":"openo-umc-monitor-setting",
			"contentTip":""
		},
		{
			"cover":"",
			"background":"magicCube-image",
			"toolsImage":"",
			"url":"",
			"contentTip":""
		},
		{
			"cover":"org_openo_orchestrator_framework_main_page_resource",
			"background":"grassGreen-mainpage",
			"toolsImage":"toolsImageFile",
			"url":"",
			"linkId":"openo-roc-rs-view-overview",
			"contentTip":""
		},
		{
			"cover":"",
			"background":"meeting-image",
			"toolsImage":"",
			"url":"",
			"contentTip":""
		},
		{
			"cover":"",
			"background":"earth-image",
			"toolsImage":"",
			"url":"",
			"contentTip":""
		},
		{
			"cover":"org_openo_orchestrator_framework_main_page_design",
			"background":"orange-mainpage",
			"toolsImage":"toolsImageGear",
			"url":"",
			"linkId":"openo-nsoc-model-design",
			"contentTip":""
		},
		{
			"cover":"org_openo_orchestrator_framework_main_page_alarm",
			"background":"skyBlue-mainpage",
			"toolsImage":"toolsImageBriefcase",
			"url":"",
			"linkId":"openo-umc-monitor-alarm-currentAlarm",
			"contentTip":""
		},
		{
			"cover":"org_openo_orchestrator_framework_main_page_performance",
			"background":"pinkishRed-mainpage",
			"toolsImage":"toolsImagePresent",
			"url":"",
			"linkId":"openo-umc-monitor-pm-historyQuery",
			"contentTip":""
		}
	]
}