[
{
	"request": {
		"uri": "/controller/cloud/v2/northbound/config/ThinCPEId/device/arvpnsvxlan",
		"method": "put",
		"headers": {
			"Content-Type": "application/json;charset=UTF-8"
		}
	},
	"response": {
		"status": 200,
		"json": {
			"errcode": "0",
			"errmsg": null,
			"data": [
				{
					"id": "ThinCPEVxLanId",
					"vneId": 1,
					"name": "ThinCPEVxLan"
				}
			]
		}
	}
},
{
	"request": {
		"uri": "/controller/cloud/v2/northbound/config/vCPEId/device/arvpnsipsec",
		"method": "put",
		"headers": {
			"Content-Type": "application/json;charset=UTF-8"
		}
	},
	"response": {
		"status": 200,
		"json": {
			"errcode": "0",
			"errmsg": "",
			"data": [
				{
					"id": "vCPEIpSecId",
					"name": "ipSec",
					"interfaceName": "Gigate"
				}
			]
		}
	}
},
{
	"request": {
		"uri": "/controller/cloud/v2/northbound/config/vCPEId/device/arvpnsvxlan",
		"method": "put",
		"headers": {
			"Content-Type": "application/json;charset=UTF-8"
		}
	},
	"response": {
		"status": 200,
		"json": {
			"errcode": "0",
			"errmsg": null,
			"data": [
				{
					"id": "vCPEVxLanId",
					"vneId": 2,
					"name": "vCPEVxLan"
				}
			]
		}
	}
},
{
	"request": {
		"uri": "/controller/cloud/v2/northbound/config/ThinCPEId/device/arvpnsvxlan",
		"method": "delete",
		"headers": {
			"Content-Type": "application/json;charset=UTF-8"
		}
	},
	"response": {
		"status": 200,
		"json": {
			"errcode": "0",
			"errmsg": null,
			"success": [
				{
					"id": "ThinCPEVxLanId",
					"name": null,
					"description": null
				}
			]
		}
	}
},
{
	"request": {
		"uri": "/controller/cloud/v2/northbound/config/vCPEId/device/arvpnsvxlan",
		"method": "delete",
		"headers": {
			"Content-Type": "application/json;charset=UTF-8"
		}
	},
	"response": {
		"status": 200,
		"json": {
			"errcode": "0",
			"errmsg": null,
			"success": [
				{
					"id": "vCPEVxLanId",
					"name": null,
					"description": null
				}
			]
		}
	}
},
{
	"request": {
		"uri": "/openoapi/extsys/v1/sdncontrollers/[a-zA-Z0-9\\-\\_]{1,36}",
		"method": "get",
		"headers": {
			"Content-Type": "application/json;charset=UTF-8"
		}
	},
	"response": {
		"status": 200,
		"json": {
			"sdnControllerId": "a6c42529-cd6b-4c01-b149-03eb54b20a03",
			"name": "sdn",
			"url": "https://127.0.0.1:12307",
			"userName": "admin",
			"password": "admin",
			"version": "v1.0",
			"vendor": "ZTE",
			"description": "",
			"protocol": "netconf",
			"productName": "",
			"type": "ODL",
			"createTime": "2016-07-18 12:22:53"
		}
	}
},
{
	"request": {
		"uri": "/openoapi/catalog/v1/servicetemplates/[a-zA-Z0-9\\-\\_]{1,36}",
		"method": "get",
		"headers": {
			"Content-Type": "application/json;charset=UTF-8"
		},
		"json": null
	},
	"response": {
		"status": 200,
		"json": {
			"templateName": "enterprise2DC"
		}
	}
},
{
	"request": {
		"uri": "/controller/cloud/v2/northbound/devices/ThinCPEId/arwansubinterface",
		"method": "get",
		"headers": {
			"Content-Type": "application/json;charset=UTF-8"
		}
	},
	"response": {
		"status": 200,
		"json": {
			"errcode": "0",
			"errmsg": "",
			"data": [
				{
					"terminationMode": "dot1q",
					"ceLowVlan": 857,
					"ceHighVlan": 857,
					"name": "GibagitEthernet0/1",
					"ipAddress": "192.168.1.110",
					"mask": "255.255.255.0",
					"mac": "10:23:4f:43:5e:62"
				}
			]
		}
	}
},
{
	"request": {
		"uri": "/controller/cloud/v2/northbound/config/vCPEId/device/arvpnsipsec",
		"method": "get",
		"headers": {
			"Content-Type": "application/json;charset=UTF-8"
		},
		"queries": {
			"ipsecId": "vCPEIpSecId"
		}
	},
	"response": {
		"status": 200,
		"json": {
			"errcode": "0",
			"errmsg": "",
			"data": [
				{
					"id": "vCPEIpSecId",
					"name": "ipseccpnn",
					"interfaceName": "GibagitEthernet1/2",
					"ipsecConnection": [
						{
							"seqNumber": "1",
							"deleteMode": true,
							"type": true
						}
					]
				}
			]
		}
	}
},
{
	"request": {
		"uri": "/controller/cloud/v2/northbound/config/vCPEId/device/arvpnsipsec",
		"method": "get",
		"headers": {
			"Content-Type": "application/json;charset=UTF-8"
		},
		"queries": {
			"interfaceName": "GibagitEthernet1/2"
		}
	},
	"response": {
		"status": 200,
		"json": {
			"errcode": "0",
			"errmsg": "",
			"data": []
		}
	}
},
{
	"request": {
		"uri": "/controller/cloud/v2/northbound/devices/vCPEId/arwansubinterface",
		"method": "get",
		"headers": {
			"Content-Type": "application/json;charset=UTF-8"
		}
	},
	"response": {
		"status": 200,
		"json": {
			"errcode": "0",
			"errmsg": "",
			"data": [
				{
					"terminationMode": "dot1q",
					"ceLowVlan": 857,
					"ceHighVlan": 857,
					"name": "GibagitEthernet1/1",
					"ipAddress": "192.168.2.110",
					"mask": "255.255.255.0",
					"mac": "10:23:4f:43:5f:62"
				},
				{
					"terminationMode": "dot1q",
					"ceLowVlan": 859,
					"ceHighVlan": 859,
					"name": "GibagitEthernet1/2",
					"ipAddress": "192.168.2.111",
					"mask": "255.255.255.0",
					"mac": "10:23:4f:53:43:62"
				}
			]
		}
	}
},
{
	"request": {
		"uri": "/sso/login",
		"method": "get",
		"headers": {
			"Content-Type": "application/json;charset=UTF-8"
		}
	},
	"response": {
		"status": 200,
		"json": {
			"errCode": null,
			"data": {
				"execution": "e5s1",
				"verifyCode": false,
				"_eventId": "submit",
				"lt": "LT-83-MO-UTUDIDIDI-89"
			}
		}
	}
},
{
	"request": {
		"uri": "/sso/login",
		"method": "post",
		"headers": {
			"Content-Type": "application/json;charset=UTF-8"
		}
	},
	"response": {
		"status": 200,
		"json": {
			"errCode": "0",
			"data": {}
		}
	}
}
]