[
{
	"request": {
		"uri": "/openoapi/sbi-l3vpn/v1/l3vpns/[a-zA-Z0-9\\-\\_]{1,36}/acs",
		"method": "post",
		"headers": {
			"Content-Type": "application/json;charset=UTF-8",
			"X-Driver-Parameter":"extSysID=[a-zA-Z0-9\\-\\_]{1,36}"	
		},
		"json": null
	},
	"response": {
		"status": 200,
		"json": {
			"ret": 200,
			"format": "json",
			"msg": null,
			"respHeaders": null
		}
	}
},
{
	"request": {
		"uri": "/controller/v2/tokens",
		"method": "post",
		"headers": {
			"Content-Type": "application/json;charset=UTF-8"
		},
		"json": {
			"userName": null,
			"password": null
		}
	},
	"response": {
		"status": 200,
		"json": {
			"data": {
				"token_id": "12345"
			}
		}
	}
}
,
{
	"request": {
		"uri": "/openoapi/sbi-l2vpn-vpws/v1/l2vpn_vpwss",
		"method": "post",
		"headers": {
			"Content-Type": "application/json;charset=UTF-8",
			"X-Driver-Parameter":"extSysID=[a-zA-Z0-9\\-\\_]{1,36}"		
		},
		"json": null
	},
	"response": {
		"status": 200,
		"json": {
			"ret": 200,
			"format": "json",
			"msg": null,
			"respHeaders": null
		}
	}
},
{
	"request": {
		"uri": "/restconf/config/huawei-ac-net-l3vpn:l3vpn-cfg/instances",
		"method": "post",
		"headers": {
			"Content-Type": "application/xml"
		},
		"json": {
			
		}
	},
	"response": {
		"status": 200,
		"headers": {
			"Content-Type": "application/json;charset=UTF-8"
		},
		"json": {
			"msg": "success"
		}
	}
}
,
{
	"request": {
		"uri": "/openoapi/sbi-l2vpn-vpws/v1/l2vpn_vpwss/[a-zA-Z0-9\\-\\_]{1,36}",
		"method": "delete",
		"headers": {
			"Content-Type": "application/json;charset=UTF-8",
			"X-Driver-Parameter":"extSysID=[a-zA-Z0-9\\-\\_]{1,36}"	
		},
		"json": null
	},
	"response": {
		"status": 200,
		"json": {
			"ret": 200,
			"format": "json",
			"msg": null,
			"respHeaders": null
		}
	}
},
{
	"request": {
		"uri": "/restconf/config/huawei-ac-net-l3vpn:l3vpn-cfg/instances/instance/[a-zA-Z0-9\\-\\_]{1,36}",
		"method": "delete",
		"headers": {
			"Content-Type": "application/xml"
		}
	},
	"response": {
		"status": 200,
		"headers": {
			"Content-Type": "application/json;charset=UTF-8"
		},
		"json": {
			"msg": "success"
		}
	}
},
{
	"request": {
		"uri": "/openoapi/sbi-l3vpn/v1/l3vpns/[a-zA-Z0-9\\-\\_]{1,36}/acs/[a-zA-Z0-9\\-\\_]{1,36}",
		"method": "delete",
		"headers": {
			"Content-Type": "application/json;charset=UTF-8",
			"X-Driver-Parameter":"extSysID=[a-zA-Z0-9\\-\\_]{1,36}"
		}
	},
	"response": {
		"status": 200,
		"json": {
			"ret": 200,
			"format": "json",
			"msg": null,
			"respHeaders": null
		}
	}
},
{
	"request": {
		"uri": "/openoapi/extsys/v1/sdncontrollers/[a-zA-Z0-9\\-\\_]{1,36}",
		"method": "get",
		"headers": {
			"Content-Type": "application/json;charset=UTF-8"
		}
	},
	"response": {
		"status": 200,
		"json": {
			"sdnControllerId": "a6c42529-cd6b-4c01-b149-03eb54b20a03",
			"name": "sdn",
			"url": "https://127.0.0.1:12307",
			"userName": "admin",
			"password": "admin",
			"version": "v1.0",
			"vendor": "ZTE",
			"description": "",
			"protocol": "netconf",
			"productName": "",
			"type": "ODL",
			"createTime": "2016-07-18 12:22:53"
		}
	}
},
{
	"request": {
		"uri": "/restconf/config/huawei-ac-net-l3vpn:l3vpn-cfg/instances/instance/[a-zA-Z0-9\\-\\_]{1,36}",
		"method": "get",
		"headers": {
			"Content-Type": "application/json;charset=UTF-8"
		},
		"json": {
			
		}
	},
	"response": {
		"status": 200,
		"json": "<?xml version=\"1.0\" encoding=\"UTF-8\" standalone=\"yes\"?> <l3vpn-cfg> <instances> <instance> <id>00000000-0000-0000-0000-000000000001</id> <name>netl3vpn8</name> <user-label>858</user-label> <admin-status>adminDown</admin-status> <mtu>1500</mtu> <label-apply-mode>855</label-apply-mode> <frr>false</frr> <acs> <ac> <id>00000000-0000-0000-0001-000000000001</id> <ne-id>04378ca31a0d4a66b7ff2356bcf3dc58</ne-id> <user-label>858</user-label> <l2-access> <access-type>dot1q</access-type> <port> <ltp-id>04378ca31a0d4a66b7ff2356bcf3dc28</ltp-id> </port> <dot1q> <ltp-id>04378ca31a0d4a66b7ff2356bcf3dc28</ltp-id> <vlan-id>22</vlan-id> </dot1q> <vxlan> <vni-id>241</vni-id> </vxlan> </l2-access> <l3-access> <address>192.164.1.1/24</address> <static-routes> <static-route> <ip-prefix>192.16.1.1/24</ip-prefix> <next-hop>192.16.1.121</next-hop> <preference>859</preference> <description>description</description> <track-bfd-enable>enable</track-bfd-enable> </static-route> <static-route> <ip-prefix>192.16.1.1/24</ip-prefix> <next-hop>192.16.1.121</next-hop> <preference>859</preference> <description>description</description> <track-bfd-enable>enable</track-bfd-enable> </static-route> </static-routes> </l3-access> </ac> <ac> <id>00000000-0000-0000-0001-000000000002</id> <ne-id>04378ca31a0d4a66b7ff2356bcf3dc13</ne-id> <user-label>858</user-label> <l2-access> <access-type>dot1q</access-type> <port> <ltp-id>04378ca31a0d4a66b7ff2356bcf3dc09</ltp-id> </port> <dot1q> <ltp-id>04378ca31a0d4a66b7ff2356bcf3dc09</ltp-id> <vlan-id>22</vlan-id> </dot1q> <vxlan> <vni-id>241</vni-id> </vxlan> </l2-access> <l3-access> <address>192.168.224.2/24</address> <static-routes> <static-route> <ip-prefix>192.16.1.1/24</ip-prefix> <next-hop>192.16.1.121</next-hop> <preference>859</preference> <description>description</description> <track-bfd-enable>enable</track-bfd-enable> </static-route> <static-route> <ip-prefix>192.16.1.1/24</ip-prefix> <next-hop>192.16.1.121</next-hop> <preference>859</preference> <description>description</description> <track-bfd-enable>enable</track-bfd-enable> </static-route> </static-routes> </l3-access> </ac> <ac> <id>00000000-0000-0000-0001-000000000003</id> <ne-id>04378ca31a0d4a66b7ff2356bcf3dcea</ne-id> <user-label>858</user-label> <l2-access> <access-type>dot1q</access-type> <port> <ltp-id>04378ca31a0d4a66b7ff2356bcf3dcea</ltp-id> </port> <dot1q> <ltp-id>04378ca31a0d4a66b7ff2356bcf3dcea</ltp-id> <vlan-id>22</vlan-id> </dot1q> <vxlan> <vni-id>241</vni-id> </vxlan> </l2-access> <l3-access> <address>192.168.54.2/24</address> <static-routes> <static-route> <ip-prefix>192.16.1.1/24</ip-prefix> <next-hop>192.16.1.121</next-hop> <preference>859</preference> <description>description</description> <track-bfd-enable>enable</track-bfd-enable> </static-route> <static-route> <ip-prefix>192.16.1.1/24</ip-prefix> <next-hop>192.16.1.121</next-hop> <preference>859</preference> <description>description</description> <track-bfd-enable>enable</track-bfd-enable> </static-route> </static-routes> </l3-access> </ac> </acs> <topo-service> <hub-spoke> <hub-group> <hub-ac> <ac-id>00000000-0000-0000-0001-000000000001</ac-id> <hub-direction>IN</hub-direction> </hub-ac> </hub-group> <spoke-group> <local-bridge>false</local-bridge> <spoke-ac> <acId>00000000-0000-0000-0001-000000000002</acId> </spoke-ac> <spoke-ac> <acId>00000000-0000-0000-0001-000000000003</acId> </spoke-ac> </spoke-group> </hub-spoke> </topo-service> <ac-protect-groups> <backAcId>00000000-0000-0000-0001-000000000002</backAcId> <masterAcId>00000000-0000-0000-0001-000000000001</masterAcId> <vrrp> <virtual-ip>10.10.10.20</virtual-ip> </vrrp> </ac-protect-groups> <diff-serv> <color>yellow</color> </diff-serv> <tunnel-service> <type>auto-select</type> </tunnel-service> </instance> </instances> </l3vpn-cfg>"
	}
},
{
	"request": {
		"uri": "/openoapi/sbi-l2vpn-vpws/v1/l2vpn_vpwss/[a-zA-Z0-9\\-\\_]{1,36}",
		"method": "get",
		"headers": {
			"Content-Type": "application/json;charset=UTF-8",
			"X-Driver-Parameter": "extSysID=[a-zA-Z0-9\\-\\_]{1,36}"
		}
	},
	"response": {
		"status": 200,
		"json": {
			"ret": 200,
			"format": "json",
			"resultObj": "{\"name\": \"L2VPNServiceA\",\"description\": \"ASDDS\",\"tenantId\": \"TestTenant\",\"operStatus\": \"operateUp\",\"adminStatus\": \"adminUp\"}"
		}
	}
},
{
	"request": {
		"uri": "/openoapi/catalog/v1/servicetemplates/[a-zA-Z0-9\\-\\_]{1,36}",
		"method": "get",
		"headers": {
			"Content-Type": "application/json;charset=UTF-8"
		},
		"json": null
	},
	"response": {
		"status": 200,
		"json": {
			"templateName": "underlayvpn"
		}
	}
},
{
	"request": {
		"uri": "/openoapi/sbi-l2vpn-vpws/v1/l2vpn_vpwss/[a-zA-Z0-9\\-\\_]{1,36}",
		"method": "put",
		"headers": {
			"Content-Type": "application/json;charset=UTF-8",
			"X-Driver-Parameter":"extSysID=[a-zA-Z0-9\\-\\_]{1,36}"	
		},
		"json": null
	},
	"response": {
		"status": 200,
		"json": {
			"ret": 200,
			"format": "json",
			"msg": null,
			"respHeaders": null
		}
	}
},
{
	"request": {
		"uri": "/restconf/config/huawei-ac-net-l3vpn:l3vpn-cfg/instances/instance/[a-zA-Z0-9\\-\\_]{1,36}",
		"method": "put",
		"headers": {
			"Content-Type": "application/json;charset=UTF-8"
		},
		"json": {
			"instance": {
				"id": "123"
			}
		}
	},
	"response": {
		"status": 200,
		"json": {
			"adminStatus": "adminDown",
			"id": "123"
		}
	}
}
]