{
	"request": {
		"uri": "[a-z0-9:\\/\\.]{1,46}vpn/ipsec-site-connections",
		"method": "post",
		"headers": {
			"Content-Type": "application/json;charset=UTF-8"
		},
		"json": {
			"ipsec_site_connection": {
				"psk": "secret",
				"initiator": "bi-directional",
				"ipsecpolicy_id": "22b8abdc-e822-45b3-90dd-f2c8512acfa5",
				"admin_state_up": true,
				"peer_cidrs": [
					"10.2.0.0/24"
				],
				"mtu": "1500",
				"ikepolicy_id": "d3f373dc-0708-4224-b6f8-676adf27dab8",
				"dpd": {
					"action": "disabled",
					"interval": 60,
					"timeout": 240
				},
				"vpnservice_id": "7b347d20-6fa3-4e22-b744-c49ee235ae4f",
				"peer_address": "172.24.4.233",
				"peer_id": "172.24.4.233",
				"name": "vpnconnection1"
			}
		}
	},
	"response": {
		"status": 200,
		"headers": {
			"Content-Type": "application/json",
			"X-Subject-Token": "TestToken"
		},
		"json": {
			"ipsec_site_connection": {
				"id": "IpSecSiteConnectionId",
				"name": null,
				"description": null,
				"mtu": 1500,
				"psk": "psk",
				"initiator": "bi-directional",
				"status": "PENDING_CREATE",
				"dpd": {
					"action": "hold",
					"interval": 30,
					"timeout": 120
				},
				"subnets": null,
				"tenant_id": "tenantId1",
				"peer_address": "2.2.2.2",
				"peer_id": "2.2.2.2",
				"peer_cidrs": [
					"3.3.3.3",
					"4.4.4.4"
				],
				"route_mode": "static",
				"auth_mode": "psk",
				"admin_state_up": true,
				"ikepolicy_id": null,
				"ipsecpolicy_id": null,
				"vpnservice_id": null
			}
		}
	}
}