{
	"request": {
		"uri": "[a-z0-9:\\/\\.]{1,46}vpn/ikepolicies",
		"method": "post",
		"headers": {
			"Content-Type": "application/json;charset=UTF-8"
		},
		"json": {
			"ikepolicy": {
				"phase1_negotiation_mode": "main",
				"auth_algorithm": "sha1",
				"encryption_algorithm": "aes-128",
				"pfs": "group5",
				"lifetime": {
					"units": "seconds",
					"value": 7200
				},
				"ike_version": "v1",
				"name": "ikepolicy1"
			}
		}
	},
	"response": {
		"status": 200,
		"headers": {
			"Content-Type": "application/json",
			"X-Subject-Token": "TestToken"
		},
		"json": {
			"ikepolicy": {
				"id": "IkePolicyId",
				"name": "IkePolicy",
				"description": "Ike Policy",
				"pfs": "group5",
				"lifetime": {
					"units": "seconds",
					"value": 7200
				},
				"tenant_id": "tenantId1",
				"auth_algorithm": "sha1",
				"encryption_algorithm": "aes-128",
				"phase1_negotiation_mode": "main",
				"ike_version": "v1"
			}
		}
	}
}
