{"description":"overlay network service to be created for demonstration purpose","site":{"vCPEId":"30301393-ba2f-44d7-9df3-fa21448b7e9e","cidr":"10.12.0.0/16","portAndVlan":"1","thinCpeId":"31bb44d5-1f58-4bc5-9b87-449628a89837"},"uuid":"388c4aa7-2763-4a1c-a8c1-ede753436643","sfp":{"scfNeId":"b3f59d50-eb5f-4b41-b700-c627797679de","servicePathHops":[{"sfgId":"","hopNumber":1,"sfiId":"1d0bd0c7-3563-4c53-9efb-c80c0bbad5f0"},{"sfiId":null,"hopNumber":2,"sfgId":""}]},"name":"overlayNsName1","vpc":{"name":"default/project4","site":{"name":"subnet1","vni":25,"cidr":"10.0.10.0/24"}}}