{
    "uuid":"388c4aa7-2763-4a1c-a8c1-ede753436643",
    "name":"overlayNsName1",
    "description":"overlay network service to be created for demonstration purpose",
    "site": {
        "cidr":"10.12.0.0/16",
        "thinCpeId":"ThinCPE",
        "portAndVlan":"1",
        "vCPEId":"vCPE"
    },
    "vpc": {
        "name":"default/project4",
        "site": {
            "name":"subnet1",
            "cidr":"10.0.10.0/24",
            "vni":25
        }
    },
    "sfp": {
        "scfNeId":"Gateway",
        "servicePathHops": [
            {
                "hopNumber":1,
                "sfiId":"Firewall",
                "sfgId":""
            },
            {
                "hopNumber":2,
                "sfiId":"Loadbalancer",
                "sfgId":""
            }
        ]
    }
}


