[
{
	"request": {
		"uri": "/controller/cloud/v2/northbound/config/ThinCPEId/device/arvpnsvxlan",
		"method": "put",
		"headers": {
			"Content-Type": "application/json"
		}
	},
	"response": {
		"status": 200,
		"json": {
			"errcode": "0",
			"errmsg": null,
			"data": [
				{
					"id": "ThinCPEVxLanId",
					"vneId": 1,
					"name": "ThinCPEVxLan"
				}
			]
		}
	}
}
,
{
	"request": {
		"uri": "/controller/cloud/v2/northbound/config/vCPEId/device/arvpnsvxlan",
		"method": "put",
		"headers": {
			"Content-Type": "application/json"
		}
	},
	"response": {
		"status": 200,
		"json": {
			"errcode": "0",
			"errmsg": null,
			"data": [
				{
					"id": "vCPEVxLanId",
					"vneId": 2,
					"name": "vCPEVxLan"
				}
			]
		}
	}
}
,
{
	"request": {
		"uri": "/controller/cloud/v2/northbound/config/ThinCPEId/device/arvpnsvxlan",
		"method": "delete",
		"headers": {
			"Content-Type": "application/json;charset=UTF-8"
		}
	},
	"response": {
		"status": 200,
		"json": {
			"errcode": "0",
			"errmsg": null,
			"success": [
				{
					"id": "ThinCPEVxLanId",
					"name": null,
					"description": null
				}
			]
		}
	}
},
{
	"request": {
		"uri": "/controller/cloud/v2/northbound/config/vCPEId/device/arvpnsvxlan",
		"method": "delete",
		"headers": {
			"Content-Type": "application/json;charset=UTF-8"
		}
	},
	"response": {
		"status": 200,
		"json": {
			"errcode": "0",
			"errmsg": null,
			"success": [
				{
					"id": "vCPEVxLanId",
					"name": null,
					"description": null
				}
			]
		}
	}
},
{
	"request": {
		"uri": "/controller/cloud/v2/northbound/devices/ThinCPEId/arwansubinterface",
		"method": "get",
		"headers": {
			"Content-Type": "application/json;charset=UTF-8"
		}
	},
	"response": {
		"status": 200,
		"json": {
			"errcode": "0",
			"errmsg": "",
			"data": [
				{
					"terminationMode": "dot1q",
					"ceLowVlan": 857,
					"ceHighVlan": 857,
					"name": "GibagitEthernet0/1",
					"ipAddress": "192.168.1.110",
					"mask": "255.255.255.0",
					"mac": "10:23:4f:43:5e:62"
				}
			]
		}
	}
}
,
{
	"request": {
		"uri": "/controller/cloud/v2/northbound/devices/vCPEId/arwansubinterface",
		"method": "get",
		"headers": {
			"Content-Type": "application/json;charset=UTF-8"
		}
	},
	"response": {
		"status": 200,
		"json": {
			"errcode": "0",
			"errmsg": "",
			"data": [
				{
					"terminationMode": "dot1q",
					"ceLowVlan": 857,
					"ceHighVlan": 857,
					"name": "GibagitEthernet1/1",
					"ipAddress": "192.168.2.110",
					"mask": "255.255.255.0",
					"mac": "10:23:4f:43:5f:62"
				},
				{
					"terminationMode": "dot1q",
					"ceLowVlan": 859,
					"ceHighVlan": 859,
					"name": "GibagitEthernet1/2",
					"ipAddress": "192.168.2.111",
					"mask": "255.255.255.0",
					"mac": "10:23:4f:53:43:62"
				}
			]
		}
	}
}
,
{
	"request": {
		"uri": "/sso/login",
		"method": "get",
		"headers": {
			"Content-Type": "application/json;charset=UTF-8"
		}
	},
	"response": {
		"status": 200,
		"json": {
			"errCode": null,
			"data": {
				"execution": "e5s1",
				"verifyCode": false,
				"_eventId": "submit",
				"lt": "LT-83-MO-UTUDIDIDI-89"
			}
		}
	}
}
]