[
	{
		"name": "ThCPELtp1",
                "meID": "fbb63b98-a2f3-4c03-898a-43066541edb4",
		"description": "Test for ThinCPE Ltp1",
		"logicalType": "ETH",
		"source": "os",
		"nativeID": "ThinCPELtp1Id",
		"ipAddress": "10.10.30.1",
		"adminState": "active",
		"operState": "up",
		"neName": "ThinCPE"
	},
	{
		"name": "ThCPELtp2",
                "meID": "fbb63b98-a2f3-4c03-898a-43066541edb4",
		"description": "Test for ThinCPE Ltp2",
		"source": "os",
		"logicalType": "ETH",
		"nativeID": "ThinCPELtp2Id",
		"ipAddress": "172.16.8.201",
		"adminState": "active",
		"operState": "up",
		"neName": "ThinCPE"
	},
	{
		"name": "vCPELtp1",
                "meID": "59f27e88-8f09-4ba1-8dec-852e2961b124",
		"description": "Test for vCPE Ltp1",
		"logicalType": "ETH",
		"source": "os",
		"nativeID": "vCPELtp1Id",
		"ipAddress": "172.16.8.7",
		"adminState": "active",
		"operState": "up",
		"neName": "vCPE"
	},
	{
		"name": "vCPELtp2",
                "meID": "59f27e88-8f09-4ba1-8dec-852e2961b124",
		"description": "Test for vCPE Ltp2",
		"source": "os",
		"logicalType": "ETH",
		"nativeID": "vCPELtp2Id",
		"ipAddress": "172.19.20.4",
		"adminState": "active",
		"operState": "up",
		"neName": "vCPE"
	}
]
