[
	{
		"name": "ThinCPE",
		"description": "TestNetworkElement",
		"productName": "AC",
		"version": "V1R3",
		"source": "os",
		"logicID": "849494949",
		"phyNeID": "8965969966906",
		"nativeID": "ThinCPEId",
		"ipAddress": "192.168.233.155",
		"adminState": "active",
		"operState": "up",
		"controllerName": "ACBranch-Controller",
                "controllerID": ["AcBranchControllerID"],
		"siteName": "Site"
	},
	{
		"name": "vCPE",
		"description": "TestNetworkElement",
		"productName": "AC",
		"version": "V1R3",
		"source": "os",
		"logicID": "849494949",
		"phyNeID": "8965969966906",
		"nativeID": "vCPEId",
		"ipAddress": "192.168.237.168",
		"adminState": "active",
		"operState": "up",
		"controllerName": "ACBranch-Controller",
                "controllerID": ["AcBranchControllerID"],
		"siteName": "Site"
	}
]
