{"vpc":{"site":{"name":"subnet1","vni":25,"cidr":"10.0.10.0/24"},"name":"default/project4"},"site":{"portAndVlan":"1","cidr":"10.12.0.0/16","thinCpeId":"32547c89-3854-425a-a0b7-b04a8676e7cd","vCPEId":"d442f5f0-7d23-40bf-b90e-6e8000c7f4f0"},"sfp":{"servicePathHops":[{"hopNumber":1,"sfiId":"680def63-04df-4ac8-a82b-2dfd4a6de542","sfgId":""},{"sfgId":"","sfiId":"bf17483b-7d41-41b8-add6-0ec03fa54a96","hopNumber":2}],"scfNeId":"a44315a9-7f1b-483f-8ce4-8d3fd0624308"},"uuid":"388c4aa7-2763-4a1c-a8c1-ede753436643","description":"overlay network service to be created for demonstration purpose","name":"overlayNsName1"}