[
	{
		"name": "ThinCPE",
		"description": "TestNetworkElement",
		"productName": "AC",
		"version": "V1R3",
		"source": "os",
		"logicID": "849494949",
		"phyNeID": "8965969966906",
		"nativeID": "ThinCPEId",
		"ipAddress": "192.168.233.155",
		"adminState": "active",
		"operState": "up",
		"controllerName": "ACBranch-Controller",
                "controllerID": ["AcBranchControllerID"],
		"siteName": "Site"
	},
	{
		"name": "vCPE",
		"description": "TestNetworkElement",
		"productName": "AC",
		"version": "V1R3",
		"source": "os",
		"logicID": "849494949",
		"phyNeID": "8965969966906",
		"nativeID": "vCPEId",
		"ipAddress": "192.168.237.168",
		"adminState": "active",
		"operState": "up",
		"controllerName": "ACBranch-Controller",
                "controllerID": ["AcBranchControllerID"],
		"siteName": "Site"
	},
	{
		"name": "Gateway",
		"description": "TestNetworkElement",
		"productName": "AC",
		"version": "V1R3",
		"source": "os",
		"logicID": "849494949",
		"phyNeID": "8965969966906",
		"nativeID": "SfcNeId",
		"ipAddress": "192.168.239.144",
		"adminState": "active",
		"operState": "up",
		"controllerName": "Gateway-Controller",
                "controllerID": ["TorCE5850ControllerID"],
		"siteName": "Site"
	},
	{
		"name": "LoadBalancer",
		"description": "TestNetworkElement",
		"productName": "AC",
		"version": "V1R3",
		"source": "os",
		"logicID": "849494949",
		"phyNeID": "8965969966906",
		"nativeID": "LoadBalancerId",
		"ipAddress": "192.168.241.141",
		"adminState": "active",
		"operState": "up",
		"controllerName": "LoadBalancer-Controller",
                "controllerID": ["TorCE5850ControllerID"],
		"siteName": "Site"
	},
	{
		"name": "Firewall",
		"description": "TestNetworkElement",
		"productName": "AC",
		"version": "V1R3",
		"source": "os",
		"logicID": "849494949",
		"phyNeID": "8965969966906",
		"nativeID": "FirewallId",
		"ipAddress": "192.168.243.143",
		"adminState": "active",
		"operState": "up",
		"controllerName": "FirewallController",
                "controllerID": ["FwControllerID"],
		"siteName": "Site"
	}
]
