{
    "driverInfo": {
        "driverName": "sdnooverlaydriver-0-1",
        "instanceID": "sdnooverlaydriver-0-1",
        "ip": "DRIVER_IP",
        "port": "8536",
        "protocol": "http",
        "services": [
            {
                "service_url": "/openoapi/sbi-vxlan/v1",
                "support_sys": [
                    {
                        "type": "Agile Controller-BRANCH",
                        "version": "V200R002C00"
                    }
                ]
            },
            {
                "service_url": "/openoapi/sbi-ipsec/v1",
                "support_sys": [
                    {
                        "type": "Agile Controller-BRANCH",
                        "version": "V200R002C00"
                    }
                ]
            },
            {
                "service_url": "/openoapi/sbi-waninterface/v1",
                "support_sys": [
                    {
                        "type": "Agile Controller-BRANCH",
                        "version": "V200R002C00"
                    }
                ]
            }
        ]
    }
}
