{
	"request": {
		"uri": "[a-z0-9:\\/\\.]{1,46}networks",
		"method": "post",
		"headers": {
			"X-Auth-Token": "junk"
		},
		"json": {
			"network": {
				"name": "sdno_6fc00cf5-ff29-4f45-a8a6-f03d73674412",
				"admin_state_up": true,
				"tenant_id": "00e55b6d14cd49709b71ffa83e5ee37f"
			}
		}
	},
	"response": {
		"status": "201",
		"json": {
			"network": {
				"status": "ACTIVE",
				"router:external": false,
				"availability_zone_hints": [],
				"availability_zones": [],
				"description": "",
				"provider:physical_network": null,
				"subnets": [],
				"shared": false,
				"name": "sdno_6fc00cf5-ff29-4f45-a8a6-f03d73674412",
				"created_at": "2016-08-08T07:42:20",
				"tags": [],
				"updated_at": "2016-08-08T07:42:20",
				"provider:network_type": "vxlan",
				"ipv6_address_scope": null,
				"tenant_id": "00e55b6d14cd49709b71ffa83e5ee37f",
				"admin_state_up": true,
				"ipv4_address_scope": null,
				"port_security_enabled": true,
				"mtu": 1450,
				"id": "da6f6681-3beb-4249-86bd-3a95690cc28f",
				"provider:segmentation_id": 1019
			}
		}
	}
}