{
	"request": {
		"uri": "[a-z0-9:\\/\\.]{1,46}vpn/ipsecpolicies",
		"method": "post",
		"headers": {
			"Content-Type": "application/json;charset=UTF-8"
		},
		"json": {
			"ipsecpolicy": {
				"name": "ipsecpolicy1",
				"transform_protocol": "esp",
				"auth_algorithm": "sha1",
				"encapsulation_mode": "tunnel",
				"encryption_algorithm": "aes-128",
				"pfs": "group5",
				"lifetime": {
					"units": "seconds",
					"value": 7200
				}
			}
		}
	},
	"response": {
		"status": 200,
		"headers": {
			"Content-Type": "application/json",
			"X-Subject-Token": "TestToken"
		},
		"json": {
			"ipsecpolicy": {
				"id": "IpsecpolicyId",
				"name": "IpSecPolicy",
				"description": "IpSecPolicy",
				"pfs": "Group5",
				"lifetime": {
					"units": "seconds",
					"value": 7200
				},
				"tenant_id": "tenantId1",
				"transform_protocol": "ESP",
				"Encapsulation_mode": "tunnel",
				"auth_algorithm": "sha1",
				"encryption_algorithm": "aes-128"
			}
		}
	}
}
