{
	"request": {
		"uri": "/openoapi/extsys/v1/sdncontrollers/[a-zA-Z0-9\\-\\_]{1,36}",
		"method": "get",
		"headers": {
			"Content-Type": "application/json;charset=UTF-8"
		}
	},
	"response": {
		"status": 200,
		"json": {
			"sdnControllerId": "a6c42529-cd6b-4c01-b149-03eb54b20a03",
			"name": "sdn",
			"url": "https://127.0.0.1:12307",
			"userName": "admin",
			"password": "admin",
			"version": "v1.0",
			"vendor": "ZTE",
			"description": "",
			"protocol": "netconf",
			"productName": "",
			"type": "ODL",
			"createTime": "2016-07-18 12:22:53"
		}
	}
}