{
	"request": {
		"uri": "/controller/cloud/v2/northbound/config/vCPEId/device/arvpnsipsec",
		"method": "get",
		"headers": {
			"Content-Type": "application/json;charset=UTF-8"
		},
		"queries": {
			"ipsecId": "vCPEIpSecId"
		}
	},
	"response": {
		"status": 200,
		"json": {
			"errcode": "0",
			"errmsg": "",
			"data": [
				{
					"id": "vCPEIpSecId",
					"name": "ipseccpnn",
					"interfaceName": "GibagitEthernet1/2",
					"ipsecConnection": [
						{
							"seqNumber": "1",
							"deleteMode": true,
							"type": true
						}
					]
				}
			]
		}
	}
}