{
	"request": {
		"uri": "/controller/cloud/v2/northbound/devices/vCPEId/arwansubinterface",
		"method": "get",
		"headers": {
			"Content-Type": "application/json;charset=UTF-8"
		}
	},
	"response": {
		"status": 200,
		"json": {
			"errcode": "0",
			"errmsg": "",
			"data": [
				{
					"terminationMode": "dot1q",
					"ceLowVlan": 857,
					"ceHighVlan": 857,
					"name": "GibagitEthernet1/1",
					"ipAddress": "192.168.2.110",
					"mask": "255.255.255.0",
					"mac": "10:23:4f:43:5f:62"
				},
				{
					"terminationMode": "dot1q",
					"ceLowVlan": 859,
					"ceHighVlan": 859,
					"name": "GibagitEthernet1/2",
					"ipAddress": "192.168.2.111",
					"mask": "255.255.255.0",
					"mac": "10:23:4f:53:43:62"
				}
			]
		}
	}
}