{
    "uuid":"SERVICE-ID-GENERATED-BY-NSLCM",
    "name":"overlayNsName1",
    "description":"overlay network service to be created for demonstration purpose",
    "site": {
        "cidr":"10.12.0.0/16",
        "thinCpeId":"THINCPE-ME-ID",
        "portAndVlan":"1",
        "vCPEId":"VCPE-ME-ID"
    },
    "vpc": {
        "name":"default/project4",
        "site": {
            "name":"subnet1",
            "cidr":"10.0.10.0/24",
            "vni":25
        }
    },
    "sfp": {
        "scfNeId":"GATEWAY-ME-ID",
        "servicePathHops": [
            {
                "hopNumber":1,
                "sfiId":"FIREWALL-ME-ID",
                "sfgId":""
            },
            {
                "hopNumber":2,
                "sfiId":"LB-ME-ID",
                "sfgId":""
            }
        ]
    }
}

