{
    "name": "hw-szc",
    "description": "create test",
    "site": {
        "cidr": "10.12.13.14/16",
        "thinCpeId": "9bb557f2-e613-4734-8d03-5709393c8c9b",
        "portAndVlan": "1",
        "vCPEId": "8e47c621-8be1-4878-8d35-1aae50c49d9a"
    },
    "vpc": {
        "name": "vpc-huawei",
        "subnet": {
            "name": "subnet1",
            "cidr": "10.0.0.16/32",
            "vni": "25"
        }
    },
    "sfp": {
        "scfNeId": "7bf257fc-a7b2-445d-aa1a-9335ce46c742",
        "servicePathHops": [
            {
                "hopNumber": "2",
                "sfiId": "a0454a18-0a06-40cc-9231-2c2c0408b8fb",
                "sfgId": "ddddddd"
            }
        ]
    }
}
