{
	"nsInstanceId": "ID-RETURNED-BY-CREATION-REQUEST",
	"additionalParamForNs": {
		"name": "overlayNsName1",
		"description": "overlay network service to be created for demonstration purpose",
		"siteCidr": "10.12.0.0/16",
		"siteThinCpeIP": "192.168.233.155",
		"siteAccessPortVlan": "1",
		"vCPE_MgrIp": "192.168.237.168",
		"vpcName": "default/project4",
		"vpcSubnetName": "subnet1",
		"vpcSubnetCidr": "10.0.10.0/24",
		"vpcVNI": "25",
		"dcGWIP": "192.168.239.144",
		"dcFWIP": "192.168.243.143",
		"dcLBIP": "192.168.241.141"
	}
}
