{
    "uuid":"388c4aa7-2763-4a1c-a8c1-ede753436643",
    "name":"overlayNsName1",
    "description":"overlay network service to be created for demonstration purpose",
    "site": {
        "cidr":"10.12.0.0/16",
        "thinCpeId":"9bb557f2-e613-4734-8d03-5709393c8c9b",
        "portAndVlan":"1",
        "vCPEId":"8e47c621-8be1-4878-8d35-1aae50c49d9a"
    },
    "vpc": {
        "name":"default/project4",
        "site": {
            "name":"subnet1",
            "cidr":"10.0.10.0/24",
            "vni":25
        }
    },
    "sfp": {
        "scfNeId":"7bf257fc-a7b2-445d-aa1a-9335ce46c742",
        "servicePathHops": [
            {
                "hopNumber":1,
                "sfiId":"a0454a18-0a06-40cc-9231-2c2c0408b8fb",
                "sfgId":""
            },
            {
                "hopNumber":2,
                "sfiId":"bca087a0-c094-4cda-9874-b7122c7dea57",
                "sfgId":""
            }
        ]
    }
}

