{
	"request": {
		"uri": "[a-z0-9:\\/\\.]{1,46}routers",
		"method": "post",
		"headers": {
			"X-Auth-Token": "junk"
		},
		"json": {
			"router": {
				"external_gateway_info": {
					"network_id": "9930665a-374b-4669-a2d0-20f7e040a1d3",
					"enable_snat": false
				},
				"availability_zone_hints": [],
				"availability_zones": [
					"nova"
				],
				"description": "",
				"admin_state_up": true,
				"tenant_id": "00e55b6d14cd49709b71ffa83e5ee37f",
				"distributed": false,
				"routes": [],
				"ha": false,
				"name": "sdno_9b00d6b0-6c93-4ca5-9747-b8ade7bb514fs"
			}
		}
	},
	"response": {
		"status": "200",
		"json": {
			"router": {
				"status": "ACTIVE",
				"external_gateway_info": {
					"network_id": "9930665a-374b-4669-a2d0-20f7e040a1d3",
					"enable_snat": false,
					"external_fixed_ips": [
						{
							"subnet_id": "638c266e-3f08-4d81-9ae9-20da25878739",
							"ip_address": "172.24.4.3/24"
						}
					]
				},
				"availability_zone_hints": [],
				"availability_zones": [
					"nova"
				],
				"description": "",
				"admin_state_up": true,
				"tenant_id": "00e55b6d14cd49709b71ffa83e5ee37f",
				"distributed": false,
				"routes": [],
				"ha": false,
				"id": "RouterId",
				"name": "sdno_9b00d6b0-6c93-4ca5-9747-b8ade7bb514fs"
			}
		}
	}
}